<?xml version="1.0" encoding="UTF-8"?>
<Configuration status="WARN">
<Properties>
<Property name="log-path">logs</Property>
</Properties>
<Appenders>
<Console name="console-log" target="SYSTEM_OUT">
<PatternLayout pattern="[%-5level] %d{yyyy-MM-dd HH:mm:ss.SSS} [%t] %c{1} - %msg%n"/>
</Console>
<RollingFile name="trace-log" fileName="${log-path}/mikey-trace.log"
filePattern="${log-path}/mikey-trace-%d{yyyy-MM-dd}.log">
<PatternLayout>
<pattern>[%-5level] %d{yyyy-MM-dd HH:mm:ss.SSS} [%t] %c{1} - %msg%n</pattern>
</PatternLayout>
<Policies>
<TimeBasedTriggeringPolicy interval="1" modulate="true"/>
</Policies>
</RollingFile>
<RollingFile name="error-log" fileName="${log-path}/mikey-error.log"
filePattern="${log-path}/mikey-error-%d{yyyy-MM-dd}.log">
<PatternLayout>
<pattern>[%-5level] %d{yyyy-MM-dd HH:mm:ss.SSS} [%t] %c{1} - %msg%n</pattern>
</PatternLayout>
<Policies>
<TimeBasedTriggeringPolicy interval="1" modulate="true"/>
</Policies>
</RollingFile>
</Appenders>
<Loggers>
<Logger name="com.greenzone.mikey" level="debug" additivity="false">
<appender-ref ref="trace-log" level="debug"/>
<appender-ref ref="error-log" level="error"/>
<appender-ref ref="console-log" level="debug"/>
</Logger>
<Root level="info" additivity="false">
<AppenderRef ref="console-log"/>
</Root>
</Loggers>
</Configuration>

